﻿<?xml version="1.0" encoding="utf-8" ?>
<Defs>

  <ThingDef Name="BodyPartLingXCGBase" ParentName="BodyPartArchotechBase" Abstract="True">
    <graphicData>
      <texPath>Things/Item/Health/HealthItem</texPath>
      <graphicClass>Graphic_Single</graphicClass>
      <drawSize>0.80</drawSize>
    </graphicData>
    <techLevel>Archotech</techLevel>
    <techHediffsTags>
      <li>Advanced</li>
    </techHediffsTags>
    <thingSetMakerTags>
      <li>RewardSpecial</li>
    </thingSetMakerTags>
  </ThingDef>
  

  <HediffDef Name="LingXCGHediffBase" Abstract="True">
    <hediffClass>Hediff_Implant</hediffClass>
    <defaultLabelColor>(0.65, 0.3, 0.9)</defaultLabelColor>
    <initialSeverity>0.20</initialSeverity>
    <isBad>false</isBad>
    <maxSeverity>1.0</maxSeverity>
    <minSeverity>0.01</minSeverity>
  </HediffDef>

  <HediffDef Name="LingXCGHediffSoid" ParentName="LingXCGHediffBase" Abstract="True">
    <hediffClass>Hediff_AddedPart</hediffClass>
  </HediffDef>


  <RecipeDef Abstract="True" Name="LingXCGSurgeryFlesh">
    <effectWorking>Surgery</effectWorking>
    <soundWorking>Recipe_Surgery</soundWorking>
    <workSpeedStat>MedicalOperationSpeed</workSpeedStat>
    <workerClass>Recipe_InstallImplant</workerClass>
    <workSkill>Medicine</workSkill>
    <workSkillLearnFactor>16</workSkillLearnFactor>
	<recipeUsers>
	  <li>Human</li>
	</recipeUsers>
    <description>Install a chip.</description>
    <jobString>Installing chip.</jobString>
    <workAmount>3700</workAmount>
  </RecipeDef>
  
  <RecipeDef Abstract="True" ParentName="LingXCGSurgeryFlesh" Name="LingXCGSurgeryFleshSoid">
    <workerClass>Recipe_InstallArtificialBodyPart</workerClass>
  </RecipeDef>
  
  <RecipeDef Abstract="True" ParentName="LingXCGSurgeryFlesh" Name="LingXCGSurgeryFleshS">
    <deathOnFailedSurgeryChance>0.10</deathOnFailedSurgeryChance>
    <skillRequirements>
      <Medicine>8</Medicine>
    </skillRequirements>
  </RecipeDef>
  
  
  
    <RecipeDef Name="MakeBodyPartLingXCGBase" Abstract="True">
    <workSpeedStat>GeneralLaborSpeed</workSpeedStat>
    <effectWorking>Cook</effectWorking>
    <soundWorking>Recipe_Machining</soundWorking>
    <unfinishedThingDef>UnfinishedComponent</unfinishedThingDef>
    <researchPrerequisite>ZeroTechImpantMaker</researchPrerequisite>
    <skillRequirements>
      <Crafting>10</Crafting>
    </skillRequirements>
    <workSkill>Crafting</workSkill>
	<recipeUsers>
		<li>FabricationBench</li>
	</recipeUsers>
  </RecipeDef>
  
</Defs>
